CITY,1-Family,2-Family,3-Family,4-Family,5+ Family,OWNER,RENTER,SHAPE_AREA,distance,Electric MWh,Threm,Electric Municipal,Gas Municipal,Gas,<20K,20K-39K,40K-59K,60K-74K,75K-99K,>100K,Spanish Speaker,Black,Latino or Hispanic
ABINGTON,2726.0,1795.0,83.0,,35.0,3847.0,783.0,26390847.0697,11.695356940075673,52684.0,2482657.0,False,False,True,8.12,11.24,12.51,9.42,12.93,,1.36,1.6,2.08
ACTON,2650.0,3019.0,,,34.0,4512.0,1172.0,52564532.7925,23.558311616079397,68555.0,4728904.0,False,False,True,8.37,6.77,6.83,5.04,8.04,64.94,1.89,1.55,3.15
ACUSHNET,2650.0,615.0,,,,228.0,3037.0,48893374.48890001,20.139770298644063,29835.0,1584515.0,False,False,True,9.87,18.46,11.9,12.05,10.1,,1.78,0.08,3.37
ADAMS,1002.0,,,,,846.0,155.0,59466489.58870001,139.51426909771087,22684.0,2007164.0,False,False,True,17.36,22.43,18.2,12.01,8.85,21.15,1.18,0.66,1.08
AGAWAM,7054.0,1638.0,,25.0,,7533.0,1118.0,63021907.25929999,106.6154928320523,103237.0,5726941.0,False,False,True,12.35,15.29,17.53,10.17,11.94,32.72,3.78,1.72,5.49
ALFORD,145.0,,,,,64.0,81.0,29871126.073,160.72633164864826,3674.0,,False,False,False,,,7.85,,,,0.99,0.0,3.56
AMESBURY,1867.0,2407.0,72.0,50.0,617.0,3858.0,1154.0,35547168.4003,16.442717517357814,49632.0,3847494.0,False,False,True,9.62,12.82,11.47,12.8,13.13,40.16,1.11,0.79,2.71
AMHERST,2010.0,1293.0,78.0,,73.0,2565.0,889.0,71882639.8809,97.15418790395043,67387.0,1577871.0,False,False,True,23.43,20.5,9.32,5.39,11.56,29.8,4.38,5.77,6.92
ANDOVER,3659.0,4187.0,,,,7353.0,493.0,83274583.62249999,7.921972528309169,114427.0,9174587.0,False,False,True,5.97,6.78,8.5,5.72,8.31,64.73,2.56,2.73,4.39
AQUINNAH,223.0,20.0,,,,20.0,222.0,14961880.7814,30.713092008694296,3223.0,,False,False,False,,,,3.73,,,0.0,0.2,
ARLINGTON,3880.0,2704.0,,72.0,11.0,5182.0,1485.0,14203937.827299997,4.661131155538904,107141.0,11807332.0,False,False,True,8.46,10.12,9.27,6.58,11.82,53.75,3.15,2.63,5.06
ASHBURNHAM,1398.0,586.0,,,30.0,906.0,1108.0,106063702.02699998,57.42598989914787,,,True,False,False,2.39,,10.81,10.06,,,0.43,0.94,1.3
ASHBY,453.0,,,,,190.0,263.0,62348961.12110001,49.751461211081434,8902.0,116090.0,False,False,True,3.78,9.28,7.39,14.68,13.15,,0.9,0.22,3.27
ASHFIELD,537.0,99.0,,,,228.0,408.0,104229566.88,117.6239918729424,5551.0,,False,False,False,6.67,13.78,,14.37,16.59,,0.68,0.13,2.27
ASHLAND,1781.0,,,,,1543.0,237.0,33342677.447,25.0458948673677,53800.0,4566986.0,False,False,True,7.36,8.45,7.49,10.67,8.69,,5.16,2.53,7.06
ATHOL,2543.0,1022.0,60.0,69.0,15.0,2861.0,847.0,86408829.49030001,77.83942582163114,37891.0,,False,False,False,18.68,17.14,17.7,11.21,10.97,24.3,3.17,0.51,4.69
ATTLEBORO,6720.0,3715.0,,,759.0,9080.0,2031.0,71925427.5328,16.59309951552925,133275.0,5849193.0,False,False,True,12.34,14.44,13.11,10.61,12.84,36.66,5.5,2.86,7.21
AUBURN,4047.0,1481.0,29.0,3.0,17.0,4992.0,581.0,42512969.9851,50.903815732029294,56436.0,869215.0,False,False,True,9.95,14.59,11.57,10.08,14.18,39.63,2.23,1.37,4.49
AVON,880.0,286.0,,,2.0,1034.0,134.0,11754175.971100003,6.737063668601529,14058.0,798980.0,False,False,True,,12.58,,10.62,9.92,,4.25,13.19,5.18
AYER,1097.0,,,,,851.0,246.0,24613334.652600005,32.62678377843301,24830.0,1329615.0,False,False,True,10.33,5.78,,12.14,12.74,,1.96,3.34,5.72
BARNSTABLE,19434.0,2623.0,,,42.0,8443.0,13656.0,162220373.694,54.52655679477853,196447.0,18361291.0,False,False,True,12.12,15.68,14.25,13.27,12.91,31.77,4.2,4.84,5.04
BARRE,1217.0,435.0,17.0,21.0,1.0,1379.0,312.0,115592161.948,69.507032442725,17336.0,,False,False,False,7.29,,,,,,0.75,2.08,1.61
BECKET,333.0,,,,,117.0,214.0,123781626.304,137.2555692881824,11447.0,,False,False,False,6.41,18.0,,8.51,18.87,,1.69,1.61,5.54
BEDFORD,2244.0,1053.0,,2.0,5.0,2612.0,692.0,35840949.7263,12.250965343445378,42860.0,4004514.0,False,False,True,5.3,6.85,9.73,6.44,12.94,,1.83,3.62,3.55
BELCHERTOWN,3226.0,1299.0,,,73.0,3654.0,944.0,143164004.888,90.34634461902112,50901.0,,False,False,False,7.31,11.82,9.99,7.67,17.74,,0.72,0.57,1.39
BELLINGHAM,3649.0,1194.0,,,,4368.0,475.0,48919135.19930001,26.314886011365452,52419.0,1476416.0,False,False,True,6.03,12.04,10.23,8.35,13.65,,2.3,1.58,2.67
BELMONT,2616.0,4156.0,,,9.0,3529.0,3251.0,12218653.779,4.7491360870116885,,8150150.0,True,False,True,7.81,7.13,11.11,7.19,11.06,55.7,4.12,1.42,5.03
BERKLEY,740.0,,,,,592.0,148.0,42944099.925,11.848825836288045,,,True,False,True,2.78,9.05,,,,,0.28,0.09,0.07
BERLIN,556.0,470.0,,,22.0,840.0,206.0,34117527.3721,36.396152732866156,11811.0,112724.0,False,False,True,5.07,14.93,7.91,9.42,11.47,,0.36,0.54,0.7
BERNARDSTON,203.0,,,,,127.0,76.0,60650566.5554,100.21838400481107,7938.0,,False,False,False,10.13,,,16.5,8.87,,0.25,0.15,0.0
BEVERLY,4154.0,3656.0,309.0,214.0,3.0,6402.0,1934.0,39915208.4748,16.823257582606253,108722.0,7447648.0,False,False,True,13.52,13.81,13.09,6.83,12.68,40.07,3.06,1.68,4.48
BILLERICA,8031.0,2901.0,,21.0,,7928.0,3024.0,68158855.1548,11.688842017982735,118277.0,9391868.0,False,False,True,6.34,9.53,11.1,8.21,12.22,52.6,3.15,3.26,4.05
BLACKSTONE,1417.0,964.0,50.0,37.0,17.0,2156.0,323.0,29603901.48,29.95332627970019,26690.0,,False,False,True,6.77,12.84,15.14,8.58,12.69,,1.72,1.85,2.8
BLANDFORD,288.0,93.0,,,,116.0,265.0,138409560.242,127.3580204459011,4803.0,,False,False,False,5.56,,11.51,,14.48,,0.0,0.0,0.76
BOLTON,999.0,,,,,839.0,160.0,52003960.66279999,34.55203900889514,21234.0,,False,False,True,4.23,5.9,5.3,7.69,7.75,,0.45,0.31,1.87
BOSTON,32736.0,25047.0,277.0,2928.0,33505.0,26708.0,67766.0,129519997.542,2.8764315329636276,1331961.0,117103690.0,False,False,True,21.72,13.41,11.57,7.78,10.02,35.5,16.85,22.72,19.71
BOURNE,5489.0,1772.0,,,31.0,2461.0,4831.0,106404912.496,38.20403924957619,67462.0,5566853.0,False,False,True,7.32,17.95,14.86,10.2,14.91,34.76,3.11,1.88,3.86
BOXBOROUGH,1040.0,764.0,,4.0,,1215.0,593.0,26951584.4099,28.71306890922493,,582002.0,True,False,True,5.13,7.11,14.05,9.99,11.8,,2.72,0.78,3.66
BOXFORD,852.0,1513.0,,,1.0,2054.0,311.0,63216183.9822,10.158392016069776,34902.0,2220983.0,False,False,True,2.51,2.58,6.83,5.48,11.48,,0.72,0.0,1.15
BRAINTREE,7712.0,2247.0,69.0,,,6583.0,3445.0,37369755.5595,8.360922657382968,,6525456.0,True,False,True,9.65,11.65,9.84,7.1,14.37,47.39,1.68,2.91,2.19
BREWSTER,4016.0,985.0,,,8.0,2399.0,2610.0,66087881.49649999,73.17067989096532,52071.0,2331803.0,False,False,True,11.23,14.43,12.28,12.98,12.8,,0.77,0.73,1.83
BRIDGEWATER,2133.0,3946.0,,,8.0,5060.0,1027.0,73451631.1912,12.519884437587093,73704.0,2992605.0,False,False,True,8.19,11.08,11.79,8.31,13.52,47.12,3.13,8.6,4.07
BRIMFIELD,876.0,308.0,,,,441.0,743.0,91471330.3626,75.98273160106109,13810.0,,False,False,False,,,9.64,3.84,13.63,,0.98,3.61,2.62
BROCKTON,,9175.0,1472.0,,,8145.0,2467.0,55724091.4611,8.41098113348485,225205.0,19025284.0,False,False,True,19.79,17.44,15.37,9.3,12.89,25.21,8.65,40.81,11.11
BROOKFIELD,484.0,,,,,316.0,168.0,42943885.889,69.0651379624602,12245.0,138894.0,False,False,True,7.16,,,10.29,12.13,,0.82,1.25,0.0
BROOKLINE,2349.0,2351.0,,,6290.0,7422.0,3568.0,17676103.6013,1.5935026893571642,124695.0,12160024.0,False,False,True,12.22,8.69,7.16,7.07,9.98,54.88,5.75,2.89,7.78
BUCKLAND,554.0,61.0,,7.0,,358.0,264.0,51481537.3256,115.05392812183742,5716.0,,False,False,False,,,,7.69,18.41,,0.49,0.0,0.26
BURLINGTON,4027.0,955.0,,,2.0,4505.0,479.0,30723422.2759,7.492745494939129,73910.0,4335789.0,False,False,True,7.04,10.24,10.07,6.77,13.62,52.26,2.03,4.93,2.24
CAMBRIDGE,3971.0,3678.0,281.0,336.0,8559.0,4358.0,11592.0,18400398.6685,1.350933621548173,228856.0,20354989.0,False,False,True,14.47,10.98,8.71,6.88,10.9,48.06,7.2,10.23,9.23
CANTON,2355.0,4107.0,,17.0,20.0,5720.0,779.0,50608144.0192,4.7307829581772305,71713.0,5718477.0,False,False,True,9.84,6.48,8.7,9.84,12.98,52.14,2.07,6.63,3.86
CARLISLE,822.0,708.0,,,,589.0,941.0,40207034.4863,17.535308742618636,22766.0,1240268.0,False,False,True,4.55,8.39,6.42,2.19,5.05,,2.22,0.0,1.62
CARVER,1396.0,1171.0,,,3.0,1683.0,887.0,102880648.168,25.368089293055306,40477.0,1095876.0,False,False,True,10.78,15.68,19.53,7.55,14.23,,0.89,1.7,1.9
CHARLEMONT,191.0,,,,,71.0,120.0,69010126.5424,121.07248835653456,5175.0,,False,False,False,9.85,,16.06,9.85,,18.84,2.9,0.0,1.42
CHARLTON,2493.0,1374.0,,29.0,,2478.0,1418.0,113412507.223,59.50030898214432,48022.0,,False,False,False,7.08,11.28,14.12,6.41,11.85,,2.91,0.73,4.21
CHATHAM,4956.0,661.0,,3.0,20.0,1503.0,4137.0,44137184.3415,79.09306484223269,46972.0,4443594.0,False,False,True,12.57,17.82,12.81,6.37,10.54,,1.55,2.71,2.7
CHELMSFORD,4849.0,3853.0,,,49.0,8160.0,572.0,59787673.82630001,18.68028230837582,101867.0,10897812.0,False,False,True,6.85,10.11,10.71,6.88,10.44,54.99,1.94,0.83,3.62
CHELSEA,1260.0,1229.0,907.0,123.0,219.0,2127.0,1602.0,5741324.72215,5.296591854486279,68934.0,6710635.0,False,False,True,19.12,20.4,14.87,11.29,11.85,22.46,60.28,5.84,66.86
CHESHIRE,899.0,155.0,,6.0,,,1060.0,71267709.4712,142.0693275704736,10637.0,446310.0,False,False,True,,12.33,,,,,1.02,0.32,3.06
CHESTER,352.0,81.0,,,1.0,209.0,225.0,96254154.19499998,128.5187403899983,,,True,False,False,,14.26,,6.87,15.29,,0.29,0.27,0.74
CHESTERFIELD,221.0,85.0,,,1.0,134.0,173.0,80921923.09049998,119.72602983630935,4179.0,,False,False,False,8.29,,,,16.57,,0.55,0.0,2.21
CHICOPEE,11001.0,2468.0,442.0,39.0,458.0,11336.0,3027.0,61826252.23449999,102.65839742955676,,8795669.0,True,False,True,19.26,21.75,16.99,9.54,14.09,18.36,11.93,4.12,20.64
CHILMARK,774.0,169.0,,,,73.0,870.0,52505813.3371,34.68044161526593,12809.0,,False,False,False,,9.25,8.96,4.62,,51.16,1.17,1.44,
CLARKSBURG,340.0,79.0,,,2.0,200.0,221.0,33130145.8944,137.8576012410554,4870.0,119882.0,False,False,True,10.19,18.36,17.22,11.76,16.64,25.82,0.6,1.49,2.01
CLINTON,2700.0,1048.0,186.0,82.0,22.0,2751.0,1256.0,18805461.0619,39.73384512940909,43150.0,2171388.0,False,False,True,10.68,13.83,20.1,9.02,14.98,31.39,13.2,0.98,17.05
COHASSET,919.0,688.0,,,,796.0,811.0,26048184.2517,20.571514202713438,34632.0,2640271.0,False,False,True,9.39,9.39,8.62,3.66,10.36,,0.88,0.58,0.92
COLRAIN,448.0,92.0,,3.0,,308.0,235.0,112314067.961,111.37140914855595,6236.0,,False,False,False,11.38,18.02,,15.45,12.74,18.02,0.41,0.72,0.56
CONCORD,2806.0,2105.0,4.0,,25.0,3969.0,897.0,66904557.64670001,18.714195203920635,,5103305.0,True,False,True,6.04,6.53,8.56,5.11,7.24,66.51,4.83,3.98,7.13
CONWAY,175.0,,,,,51.0,124.0,98100323.4513,110.63535294077181,5814.0,,False,False,False,4.12,10.3,15.19,12.48,7.98,,2.96,0.0,2.45
DALTON,1601.0,401.0,25.0,18.0,5.0,1384.0,666.0,56640387.3984,142.79128667903052,21108.0,1582361.0,False,False,True,9.86,,,,12.55,,3.91,0.2,3.95
DANVERS,5446.0,1867.0,83.0,72.0,,4264.0,3204.0,35705009.1824,12.43042206259417,,4143142.0,True,False,True,10.25,15.35,11.49,7.47,12.14,43.3,1.56,1.69,3.79
DARTMOUTH,7111.0,2844.0,,,124.0,8391.0,1667.0,160465763.24300003,18.837128682999236,91660.0,6133027.0,False,False,True,13.25,12.33,11.71,8.54,13.52,40.66,1.81,2.66,2.33
DEDHAM,4121.0,2827.0,,,59.0,6265.0,673.0,27669925.445799995,4.669062760326483,68861.0,7509369.0,False,False,True,8.77,12.48,10.33,7.73,11.81,48.87,6.88,7.6,9.21
DEERFIELD,1322.0,306.0,,,,953.0,675.0,86638250.71329999,104.30825418776004,16759.0,557712.0,False,False,True,10.08,,,,,,1.66,2.1,3.19
DENNIS,10113.0,1301.0,,,19.0,2270.0,9163.0,54065148.1616,67.19297891619946,75133.0,6832813.0,False,False,True,12.87,20.22,17.04,9.48,13.71,26.67,1.81,4.45,2.31
DIGHTON,1165.0,,,,,1008.0,157.0,57418091.60999999,11.98903448543143,21777.0,540394.0,False,False,True,6.09,,,7.01,,,0.53,2.76,0.86
DOUGLAS,1549.0,1078.0,,,,1657.0,970.0,98158644.5747,43.660335418515906,30579.0,,False,False,False,8.01,7.22,12.71,9.44,,,5.91,0.27,
DOVER,616.0,887.0,,,,1042.0,461.0,39933244.0344,12.469613924295517,32735.0,155411.0,False,False,True,2.28,1.44,4.12,3.08,6.6,,3.73,1.52,3.82
DRACUT,5781.0,3955.0,23.0,21.0,30.0,8295.0,1515.0,55522005.0544,16.376019435228933,93166.0,7735141.0,False,False,True,9.97,12.33,11.25,9.27,13.42,43.76,3.11,3.28,6.19
DUDLEY,2016.0,1311.0,66.0,85.0,3.0,2658.0,819.0,56694980.5269,56.636551834789145,38066.0,606730.0,False,False,True,11.84,15.06,16.4,10.52,9.75,,2.13,1.88,2.8
DUNSTABLE,395.0,594.0,,,,764.0,225.0,43387647.3546,28.21279858904791,12555.0,380631.0,False,False,True,2.46,6.49,11.14,5.09,9.3,,1.14,0.0,1.35
DUXBURY,2436.0,2325.0,,,4.0,3645.0,1101.0,62329111.11169999,28.33635762509117,61454.0,4234763.0,False,False,True,5.42,7.69,8.64,6.1,9.87,62.27,0.89,0.35,0.9
EAST BRIDGEWATER,2115.0,1835.0,,1.0,35.0,3280.0,706.0,45428309.9861,13.450186195699368,45286.0,2006404.0,False,False,True,5.89,14.47,13.31,9.42,15.28,41.63,0.99,3.27,2.13
EAST BROOKFIELD,538.0,230.0,2.0,1.0,,473.0,287.0,26993330.8532,65.29180675691798,7901.0,128732.0,False,False,True,7.91,,6.45,12.17,,,2.33,0.93,1.76
EAST LONGMEADOW,3915.0,1563.0,,2.0,,4827.0,653.0,33688897.8143,97.0788205959463,51883.0,4180181.0,False,False,True,7.0,15.96,12.32,6.68,15.76,42.27,1.15,4.56,3.72
EASTHAM,4206.0,624.0,,,,988.0,3842.0,37180567.1569,78.47500040053048,30482.0,1597710.0,False,False,True,9.41,,13.5,,17.0,,1.0,2.6,0.8
EASTHAMPTON,3497.0,1307.0,89.0,,123.0,3900.0,1090.0,35237336.2891,108.57530271838297,52180.0,2383813.0,False,False,True,11.05,19.72,19.62,10.41,14.06,25.14,3.25,2.25,4.82
EASTON,3948.0,2843.0,21.0,,24.0,6113.0,696.0,75713803.5994,7.181682820142044,84604.0,3996695.0,False,False,True,4.58,11.33,9.72,6.48,14.05,53.84,1.9,4.08,3.18
EDGARTOWN,2091.0,755.0,,,1.0,253.0,2584.0,69163874.0728,45.307935064998674,50215.0,,False,False,False,4.87,,,8.09,,,0.74,0.86,7.36
EGREMONT,267.0,,,,,53.0,214.0,48911652.31610001,161.24389570406055,8644.0,,False,False,False,5.43,,,,,,5.17,1.88,
ERVING,455.0,44.0,,,5.0,334.0,170.0,37259039.7635,93.43950881156601,5160.0,,False,False,False,14.65,17.64,14.37,10.24,18.35,,0.12,1.9,2.29
ESSEX,443.0,277.0,,,,509.0,211.0,36921449.5039,23.426739684906742,13083.0,595525.0,False,False,True,,9.23,,6.78,2.8,,0.89,0.0,0.54
EVERETT,3579.0,2809.0,1087.0,294.0,,4425.0,3343.0,8888300.82878,4.102009418655241,91768.0,10462105.0,False,False,True,15.63,17.6,16.5,11.41,14.23,24.62,21.54,17.83,26.48
FAIRHAVEN,2589.0,611.0,,,,2593.0,607.0,32138518.5591,22.50940730204254,41875.0,4575849.0,False,False,True,15.87,14.57,15.67,11.59,11.96,30.35,1.89,0.46,1.89
FALL RIVER,5801.0,5374.0,3234.0,1561.0,112.0,9538.0,6543.0,99828191.0063,14.919546606570158,189521.0,20510601.0,False,False,True,26.25,22.38,16.9,10.05,9.82,14.6,7.61,5.24,10.42
FALMOUTH,13276.0,2441.0,,,37.0,7091.0,8663.0,117907082.44899999,39.90145766441891,141535.0,11366693.0,False,False,True,11.36,18.17,13.24,8.49,14.67,34.07,0.98,3.01,2.42
FITCHBURG,3986.0,1685.0,679.0,293.0,4.0,2759.0,3867.0,72821334.20049998,48.92272716295554,86786.0,6789253.0,False,False,True,17.74,18.65,16.22,11.51,13.7,22.18,20.54,3.84,26.16
FLORIDA,206.0,62.0,,,,47.0,221.0,63708075.59910001,133.4779838860457,2181.0,,False,False,False,,,,8.13,,,0.26,1.27,0.0
FOXBOROUGH,1919.0,2165.0,18.0,,97.0,3260.0,939.0,53987529.59349999,11.308809610025905,57754.0,4085677.0,False,False,True,6.73,11.88,7.57,9.93,14.8,49.09,2.02,5.09,3.81
FRAMINGHAM,7783.0,4451.0,205.0,187.0,1831.0,10523.0,3934.0,68642060.1933,22.11179952864004,185894.0,12296836.0,False,False,True,13.12,14.58,12.37,8.37,12.09,39.47,14.15,6.13,15.78
FRANKLIN,2347.0,4526.0,69.0,,62.0,6170.0,834.0,69998126.0055,21.54122400332993,101118.0,6975829.0,False,False,True,6.72,9.09,8.27,6.37,12.51,57.05,1.9,0.93,2.3
FREETOWN,1893.0,1048.0,,,3.0,2201.0,743.0,91859467.9781,14.99595178663226,29351.0,212573.0,False,False,True,8.03,12.22,9.84,11.13,14.2,,0.43,0.49,2.31
GARDNER,3377.0,1449.0,250.0,158.0,54.0,3991.0,1291.0,59603256.5346,61.50902644399769,55059.0,809681.0,False,False,True,18.92,19.87,17.31,11.65,13.87,18.38,5.86,2.08,9.17
GEORGETOWN,1205.0,1295.0,,5.0,4.0,2270.0,239.0,34054312.3303,12.245895626115416,,1960103.0,True,False,True,6.55,4.92,10.67,8.3,10.21,,2.41,0.59,3.92
GILL,406.0,69.0,,2.0,,235.0,242.0,38340969.9294,98.36614917073251,4547.0,,False,False,False,7.47,,,12.15,15.1,,0.7,,0.5
GLOUCESTER,4594.0,5316.0,342.0,,178.0,6496.0,3934.0,69154959.4924,30.674892210234628,97217.0,5082119.0,False,False,True,14.67,16.92,14.72,8.85,13.78,31.06,1.74,1.36,2.3
GOSHEN,396.0,89.0,,,,136.0,349.0,45839467.9015,117.72267708005167,3299.0,,False,False,False,5.46,,,5.96,,,0.0,0.0,
GOSNOLD,146.0,6.0,,,2.0,,32.0,34802979.3999,25.799851058325732,,,True,False,False,,,,,,,0.0,,
GRAFTON,1988.0,3162.0,41.0,,30.0,4355.0,865.0,60355752.96689999,40.63357010037003,63230.0,3472646.0,False,False,True,7.7,11.88,12.85,5.94,10.23,51.39,4.78,4.46,6.69
GRANBY,1617.0,446.0,,,12.0,1759.0,312.0,72707908.653,97.76575859327366,20310.0,186557.0,False,False,True,7.22,,9.79,4.13,,,4.42,0.0,5.72
GRANVILLE,245.0,177.0,,,,332.0,90.0,111663887.56400003,123.94632091417103,5920.0,,False,False,False,7.82,7.31,14.46,,15.65,,2.77,0.0,3.27
GREAT BARRINGTON,1354.0,,,,,625.0,728.0,118541056.236,156.4357883166875,24737.0,774031.0,False,False,True,,,,6.68,10.88,,7.03,4.26,9.12
GREENFIELD,3508.0,922.0,112.0,,,2711.0,1831.0,56649477.69749999,103.64687129812654,52174.0,2479317.0,False,False,True,21.04,20.53,17.16,9.98,13.14,18.15,3.52,2.12,7.46
GROTON,1075.0,1593.0,,9.0,6.0,913.0,1770.0,87488583.5828,31.734218539350294,,1108948.0,True,False,True,9.31,6.94,7.49,5.85,8.97,,0.43,0.07,1.67
GROVELAND,1129.0,796.0,9.0,,,1710.0,224.0,24338169.3,10.758979295927098,,1613597.0,True,False,True,9.04,8.45,,8.19,,,1.04,0.92,4.92
HADLEY,1266.0,424.0,,,4.0,1244.0,449.0,63746571.70929999,101.55629145402466,17772.0,386346.0,False,False,True,,,,9.0,11.13,,1.67,6.37,4.01
HALIFAX,941.0,1012.0,,,1.0,1572.0,382.0,45028534.8141,19.29095185545271,26554.0,584963.0,False,False,True,4.9,,10.61,10.01,,,0.68,2.67,1.81
HAMILTON,1436.0,812.0,,,3.0,1887.0,358.0,38592243.6821,18.44255852614653,25365.0,1033057.0,False,False,True,11.32,10.31,7.37,5.34,9.1,,0.79,0.19,1.26
HAMPDEN,1152.0,495.0,,,10.0,1235.0,421.0,50864543.12490001,91.96751881686006,18807.0,706405.0,False,False,True,11.28,8.61,11.18,11.64,16.83,,1.17,0.23,3.93
HANCOCK,557.0,43.0,,,,95.0,505.0,92566394.2307,152.3976736062007,5249.0,,False,False,False,5.98,,,,,,0.39,0.0,0.95
HANOVER,1541.0,2426.0,12.0,,4.0,3493.0,489.0,40478068.4934,17.874961868281577,49285.0,3146322.0,False,False,True,7.68,7.37,9.38,7.01,9.83,,0.59,0.81,0.29
HANSON,1552.0,1583.0,,,1.0,2684.0,452.0,40748136.4878,17.88592790471892,34549.0,1924818.0,False,False,True,6.2,11.25,8.07,7.88,17.24,,0.87,0.73,1.55
HARVARD,1077.0,751.0,,,2.0,1461.0,367.0,70327484.63649999,32.79973052839243,21557.0,310924.0,False,False,True,3.13,8.27,6.86,5.94,6.37,,5.09,6.0,6.45
HARWICH,7383.0,1985.0,,,7.0,3776.0,5599.0,58278524.002,73.52081269415807,61070.0,5462573.0,False,False,True,11.66,15.5,13.02,9.48,15.5,34.85,0.7,2.83,1.8
HAVERHILL,11551.0,2955.0,,,,9438.0,5068.0,92457998.4263,9.911167249919004,169110.0,17561016.0,False,False,True,13.64,16.74,14.45,10.48,13.54,31.15,14.95,2.47,20.28
HAWLEY,21.0,,,,,13.0,8.0,79085514.72110002,124.44038475051875,1135.0,,False,False,False,,,,3.4,,,2.51,1.61,4.02
HEATH,113.0,49.0,,,,80.0,82.0,64524358.5404,119.620305320172,2252.0,,False,False,False,,,,,12.75,,0.31,0.0,2.55
HINGHAM,3574.0,2752.0,,1.0,66.0,5599.0,776.0,58756395.8682,15.058717490930784,,5117131.0,True,False,True,8.68,10.39,8.4,5.98,5.99,60.56,1.0,0.36,1.13
HINSDALE,420.0,233.0,,,,333.0,318.0,56186094.2024,138.90840295115544,7747.0,,False,False,False,9.39,,,,,,0.51,0.0,0.38
HOLBROOK,2116.0,842.0,,,,2572.0,386.0,19070454.5153,8.221366154586262,32464.0,1650315.0,False,False,True,7.45,17.93,14.26,14.31,9.61,,4.04,11.81,5.21
HOLDEN,4079.0,2342.0,,,10.0,5739.0,672.0,94067335.282,51.26613107128969,,1254276.0,True,False,True,6.17,8.42,9.46,8.4,14.98,52.57,2.97,1.16,4.0
HOLLAND,771.0,166.0,,,,650.0,287.0,33799102.5735,73.22321998526401,11308.0,,False,False,False,6.82,11.23,,9.44,,,1.1,0.91,2.88
HOLLISTON,1752.0,,,,,1364.0,388.0,49344837.133,23.17284757499355,47145.0,3483540.0,False,False,True,5.25,6.48,9.59,4.79,11.42,,1.84,1.07,3.96
HOLYOKE,4298.0,2051.0,273.0,154.0,,4913.0,1863.0,59048524.87070001,105.95400966500668,,,True,True,True,30.7,18.7,14.85,8.46,9.87,17.41,42.54,3.27,52.14
HOPEDALE,505.0,615.0,8.0,,,962.0,166.0,13852114.578,30.029231269538208,20384.0,428567.0,False,False,True,10.25,10.91,6.67,8.31,6.1,,1.82,0.64,2.2
HOPKINTON,1925.0,2491.0,,13.0,,3037.0,1392.0,72137074.95950001,29.725742681750845,62534.0,3676058.0,False,False,True,4.67,3.52,8.9,5.26,7.68,,1.43,1.73,2.63
HUBBARDSTON,1005.0,524.0,,,2.0,1235.0,295.0,108742604.602,62.11388961760018,13591.0,,False,False,False,8.14,11.32,,4.56,15.07,,5.09,,3.02
HUDSON,3742.0,1726.0,13.0,,76.0,4516.0,1037.0,30726018.3747,31.29777484975991,,4944464.0,True,False,True,8.43,12.79,13.51,8.25,13.78,43.25,4.19,1.26,6.42
HULL,1891.0,1012.0,,,318.0,1730.0,1491.0,8283877.494199999,16.26001998056996,,3600830.0,True,False,True,10.62,15.14,10.49,8.13,12.82,42.8,0.67,0.46,2.25
HUNTINGTON,523.0,98.0,,6.0,49.0,371.0,305.0,69392918.1056,121.70318801408052,7615.0,,False,False,False,,14.48,,9.5,14.82,,0.57,2.32,1.09
IPSWICH,2638.0,755.0,,26.0,,1299.0,2119.0,85641537.40150002,19.16473952008951,,2246340.0,True,False,True,12.48,12.74,11.31,6.6,13.69,43.18,2.28,1.12,3.5
KINGSTON,2230.0,1666.0,16.0,8.0,13.0,3228.0,705.0,49210261.83719999,26.556915987194508,44054.0,1553401.0,False,False,True,9.43,13.71,7.04,9.18,9.24,,1.57,1.04,1.91
LAKEVILLE,2398.0,1213.0,,,8.0,2908.0,708.0,93548116.10470004,15.61241485051779,3071.0,245055.0,False,False,True,5.51,9.88,12.07,6.06,13.58,,1.42,0.42,2.45
LANCASTER,991.0,,,,,691.0,300.0,72477533.43670002,40.41099619431685,23041.0,236462.0,False,False,True,4.6,8.91,,,10.36,,7.72,4.2,8.08
LANESBOROUGH,1005.0,176.0,,7.0,,366.0,822.0,76624021.6826,147.75371494239874,11147.0,191735.0,False,False,True,,,,6.19,,,0.37,2.0,0.0
LAWRENCE,5266.0,1060.0,,,1231.0,4675.0,2572.0,19238173.7382,8.856139162314165,160943.0,23017894.0,False,False,True,25.95,22.47,16.72,9.99,10.12,14.75,74.15,2.14,80.26
LEE,914.0,,,,,587.0,327.0,69963490.54590002,148.63791838977062,22297.0,1451798.0,False,False,True,9.87,,,9.96,12.87,,5.97,1.6,1.81
LEICESTER,2541.0,571.0,,19.0,,2279.0,852.0,63799533.5172,55.61975220989158,37244.0,134365.0,False,False,True,9.59,11.87,14.74,10.01,13.5,,1.86,2.73,4.03
LENOX,512.0,905.0,,,20.0,737.0,700.0,56117318.0037,149.8489759991347,20191.0,1741795.0,False,False,True,10.52,,,8.67,13.38,,2.77,2.27,4.36
LEOMINSTER,5110.0,3472.0,330.0,,358.0,7962.0,1308.0,76866547.42249998,45.19576146534117,122850.0,4987163.0,False,False,True,17.21,19.12,14.76,10.19,13.16,25.55,15.42,5.25,18.87
LEVERETT,486.0,116.0,,,,19.0,583.0,59460360.30710001,96.48930595204439,6871.0,,False,False,False,5.51,15.0,12.05,7.18,15.38,,1.1,0.76,1.26
LEYDEN,68.0,,,,,46.0,22.0,46765869.9266,106.12354211897166,2482.0,,False,False,False,7.64,8.33,,,,,0.45,0.0,0.72
LINCOLN,855.0,353.0,,,,792.0,416.0,38800943.9391,14.554253092868715,26407.0,1706324.0,False,False,True,7.1,11.51,7.36,5.01,9.9,,2.92,2.14,6.87
LITTLETON,1463.0,1224.0,,,,1938.0,749.0,45351168.6213,26.564631833619913,,1361773.0,True,False,True,7.0,11.44,8.57,6.86,7.19,,0.68,0.38,1.13
LONGMEADOW,2734.0,2262.0,,,18.0,4391.0,621.0,24849962.8951,101.4904086702046,54309.0,6054553.0,False,False,True,5.76,9.46,9.41,5.34,13.02,,2.19,0.63,5.16
LOWELL,14445.0,6347.0,796.0,623.0,288.0,12271.0,10000.0,37630657.8659,15.97939115073963,235591.0,25035324.0,False,False,True,23.14,17.37,15.0,9.08,13.1,22.33,13.95,6.64,18.81
LUDLOW,3291.0,2099.0,,,28.0,4777.0,641.0,73389122.1042,94.54460335557742,65218.0,3214089.0,False,False,True,10.02,16.18,14.36,11.86,16.63,30.95,6.16,1.61,8.55
LUNENBURG,1363.0,,,,,789.0,574.0,71863140.08449998,42.73261117578743,34572.0,641551.0,False,False,True,11.11,9.37,10.68,5.73,11.3,,3.59,2.08,5.9
LYNN,7297.0,6614.0,1619.0,,700.0,12323.0,3907.0,29910545.8331,10.827914009602067,201497.0,18946463.0,False,False,True,21.59,17.21,14.49,9.66,12.76,24.29,36.25,11.16,41.48
LYNNFIELD,1917.0,1358.0,,3.0,,2459.0,819.0,27042348.0476,6.621204649614553,,3505862.0,True,False,True,4.36,8.25,9.32,7.52,8.96,,1.41,1.15,2.27
MALDEN,5684.0,1295.0,151.0,202.0,,4516.0,2816.0,13127931.5016,3.8929147929589787,134585.0,12776460.0,False,False,True,18.62,14.99,13.39,11.17,13.14,28.68,7.91,16.08,9.3
MANCHESTER,1025.0,320.0,,,,782.0,563.0,20164500.4665,24.240128353012736,21553.0,2086720.0,False,False,True,,,,6.76,9.27,,1.69,0.0,1.64
MANSFIELD,1982.0,3502.0,53.0,,,4901.0,636.0,52902104.5416,10.583586299473263,,4701919.0,True,False,True,4.93,10.29,8.73,8.03,11.99,56.03,3.38,2.71,4.24
MARBLEHEAD,3976.0,1956.0,,59.0,,3476.0,2514.0,11293625.833,17.114183539924117,,7279858.0,True,False,True,7.56,10.64,11.18,4.94,10.25,55.43,3.53,1.23,4.61
MARION,1368.0,556.0,2.0,,6.0,978.0,953.0,36569314.7003,28.18835917870473,21707.0,981731.0,False,False,True,6.98,,,6.76,13.31,,0.1,1.57,1.78
MARLBOROUGH,6047.0,3704.0,152.0,,151.0,7997.0,2003.0,57241191.6269,30.15523388746617,119201.0,8925905.0,False,False,True,8.58,14.28,14.64,9.96,12.76,39.79,12.62,2.99,14.0
MARSHFIELD,4822.0,3763.0,,,,5683.0,2901.0,73955197.0742,28.793407980075216,81298.0,7268074.0,False,False,True,11.47,10.07,11.87,6.97,10.77,48.85,0.84,0.24,1.81
MASHPEE,6943.0,1008.0,,,4.0,4369.0,3586.0,66276288.10790001,46.22695490549639,74373.0,6568901.0,False,False,True,9.73,16.86,16.68,7.96,14.5,34.26,0.9,2.61,1.25
MATTAPOISETT,2086.0,599.0,15.0,,,1391.0,1309.0,45307295.9396,25.85181209730532,24799.0,1414645.0,False,False,True,4.54,8.59,11.55,,,,1.85,0.0,2.26
MAYNARD,1441.0,1129.0,,,21.0,2054.0,537.0,13903410.002099998,24.178833684907897,28302.0,2466511.0,False,False,True,9.2,13.01,8.78,6.75,11.84,,3.99,1.47,2.89
MEDFIELD,1329.0,1801.0,,,4.0,2539.0,595.0,37955730.4077,14.116177164376376,42378.0,3446052.0,False,False,True,6.6,6.24,6.57,4.6,7.37,,1.56,0.86,2.12
MEDFORD,1445.0,5279.0,469.0,69.0,1352.0,434.0,8177.0,21880878.0471,1.8400882925302904,138336.0,14736784.0,False,False,True,10.53,11.9,12.0,7.01,11.9,46.66,4.06,9.26,5.28
MEDWAY,1955.0,2009.0,,20.0,,481.0,3503.0,30216566.71,22.455406747408237,39753.0,2321328.0,False,False,True,5.78,9.68,6.63,5.18,9.7,,1.16,2.79,1.18
MELROSE,4523.0,1644.0,,65.0,,4585.0,1646.0,12348565.7772,4.002185987161058,72820.0,7032012.0,False,False,True,8.02,13.47,10.57,6.93,9.68,51.32,2.6,2.63,3.75
MENDON,470.0,1137.0,,,3.0,1412.0,198.0,46571536.1302,31.144758552106556,22758.0,,False,False,True,3.61,6.67,3.76,6.77,14.98,,0.57,0.15,0.96
MERRIMAC,1145.0,586.0,,3.0,,1330.0,404.0,23057178.0794,13.074645867977337,,1604495.0,True,False,True,8.07,,12.25,9.8,,,1.32,0.15,3.92
METHUEN,6372.0,3475.0,229.0,84.0,3.0,6458.0,3705.0,59557813.6864,10.179254064551918,134962.0,12948145.0,False,False,True,11.02,15.13,14.35,9.57,12.06,37.88,26.83,2.42,28.96
MIDDLEBOROUGH,3411.0,2795.0,109.0,,,5340.0,971.0,187001109.86,18.636710045416745,,,True,True,True,8.95,11.83,14.54,10.58,11.68,42.42,1.44,1.74,2.5
MIDDLEFIELD,81.0,,,,,5.0,76.0,62483991.37790001,131.86667467101168,1870.0,,False,False,False,,,,,8.72,,0.0,0.0,0.0
MIDDLETON,817.0,1148.0,,,,1718.0,247.0,37520730.6942,8.51519725597775,,1259456.0,True,False,True,4.81,11.97,6.59,5.48,19.46,,6.42,0.84,6.75
MILFORD,4635.0,2742.0,175.0,126.0,,4750.0,2928.0,38909665.267,29.364941334983243,81005.0,4512128.0,False,False,True,11.28,12.29,13.51,8.99,15.95,37.98,10.85,2.24,13.46
MILLBURY,2718.0,1280.0,,46.0,9.0,3388.0,657.0,42590051.944,45.702104046305536,47170.0,1506053.0,False,False,True,11.64,12.59,10.28,12.23,10.91,,0.89,1.09,1.34
MILLIS,1433.0,1170.0,,,6.0,2290.0,289.0,31760624.0782,18.106634040409908,27454.0,1032114.0,False,False,True,4.82,11.21,10.64,8.88,8.48,,4.6,2.1,4.68
MILLVILLE,627.0,277.0,,,,515.0,389.0,12736593.760899998,33.5030806794164,9798.0,,False,False,True,11.01,13.46,12.89,10.6,12.4,,0.19,0.46,1.08
MILTON,2809.0,3917.0,,6.0,,5658.0,1074.0,34464524.1851,3.326721884859544,78750.0,8534437.0,False,False,True,6.06,8.39,8.94,6.04,7.93,62.65,3.66,14.81,3.15
MONROE,34.0,,,,,7.0,27.0,27940186.5533,128.4721968165202,465.0,,False,False,False,,,,,,,0.0,,
MONSON,2058.0,530.0,,,135.0,2239.0,464.0,115984593.592,84.54575773417012,28586.0,113302.0,False,False,True,8.55,15.94,12.83,8.61,16.47,,1.67,0.81,1.93
MONTEREY,585.0,63.0,,,,31.0,617.0,70976478.404,146.7618909975442,5970.0,,False,False,False,,,,5.24,,,0.0,0.53,0.8
MONTGOMERY,247.0,59.0,,,,,306.0,39023285.0195,118.90040714030724,3089.0,,False,False,False,7.1,13.02,15.38,12.13,13.02,,1.38,0.48,1.45
MOUNT WASHINGTON,114.0,19.0,,,,17.0,116.0,57988843.7886,163.5207268889876,1173.0,,False,False,False,,,,,,,0.0,,1.22
NAHANT,846.0,136.0,,4.0,,660.0,326.0,3249309.4675,12.61256130443382,11257.0,1461083.0,False,False,True,5.92,,,5.66,12.15,,1.9,1.0,1.6
NANTUCKET,4614.0,2867.0,,17.0,3.0,1013.0,6415.0,126679466.80100001,75.0852789745151,114509.0,,False,False,False,7.63,10.8,10.83,9.65,7.6,,4.17,5.13,4.55
NATICK,4629.0,3339.0,,,,6587.0,1381.0,41337981.602,17.203970208079088,111333.0,7204676.0,False,False,True,7.09,10.82,9.61,6.78,10.77,54.92,2.93,1.63,4.05
NEEDHAM,3211.0,,,,,3002.0,209.0,32947766.8199,8.871477035055022,102788.0,7490286.0,False,False,True,6.38,6.34,6.44,5.24,7.48,68.12,2.12,3.11,3.03
NEW ASHFORD,55.0,29.0,,,,42.0,42.0,34900171.8461,147.9178846814745,1002.0,,False,False,False,,,,,,,2.38,0.0,
NEW BEDFORD,8317.0,7404.0,2967.0,548.0,529.0,13609.0,6156.0,52522965.35509999,19.71579387880625,191554.0,26176742.0,False,False,True,25.6,20.97,15.75,8.93,11.77,16.98,15.38,5.92,20.14
NEW BRAINTREE,132.0,,,,,86.0,46.0,54175955.76,70.76794260239755,3571.0,,False,False,False,6.09,11.09,11.74,,16.52,,1.62,0.0,0.54
NEW MARLBOROUGH,374.0,140.0,,,,145.0,369.0,124052650.766,149.46887878426162,7423.0,,False,False,False,8.31,,,5.98,,,0.47,1.22,1.3
NEW SALEM,326.0,58.0,,,,207.0,177.0,152002274.10700002,84.55740860231633,3038.0,,False,False,False,,9.87,,9.87,,,1.12,0.0,0.39
NEWBURY,1119.0,738.0,,,,1302.0,555.0,62628198.75870001,18.023649409237695,26102.0,716718.0,False,False,True,7.26,10.97,6.11,13.33,,,0.53,0.43,3.19
NEWBURYPORT,5424.0,1436.0,,,28.0,4953.0,1402.0,22644709.408,18.725412115851853,56134.0,5438453.0,False,False,True,8.97,10.85,11.18,6.88,10.24,51.88,0.81,1.45,1.4
NEWTON,8844.0,12815.0,73.0,,171.0,14949.0,6061.0,47019520.8789,7.021210459270493,296373.0,33288874.0,False,False,True,6.39,8.84,6.76,5.64,9.42,62.95,3.97,3.2,5.11
NORFOLK,1254.0,1985.0,,,2.0,2924.0,316.0,39875151.8888,16.551654930328425,34739.0,499913.0,False,False,True,4.13,4.73,6.8,5.14,8.61,70.59,6.46,6.38,8.02
NORTH ADAMS,2356.0,209.0,,151.0,,1944.0,772.0,53392639.23349999,139.6549015123494,32263.0,3210772.0,False,False,True,26.17,24.54,15.85,9.85,9.95,13.65,3.49,1.73,4.35
NORTH ANDOVER,3456.0,3799.0,2.0,42.0,30.0,5979.0,1346.0,71785076.42350002,7.621628203649541,97461.0,6490814.0,False,False,True,9.13,11.57,7.35,7.23,10.22,54.5,3.94,2.33,6.32
NORTH ATTLEBOROUGH,4621.0,2722.0,206.0,98.0,53.0,5887.0,1766.0,50191425.7032,17.58452792377569,,,,,,9.89,12.59,12.42,6.4,14.87,43.82,4.13,1.73,5.51
NORTH BROOKFIELD,699.0,,,,,471.0,228.0,56843153.5725,67.60123552743521,15771.0,473582.0,False,False,True,9.5,15.65,17.24,10.16,13.18,,1.16,0.59,1.01
NORTH READING,1878.0,,,,,1699.0,179.0,34936710.7916,5.591814113945147,,2869831.0,True,False,True,4.1,6.04,10.53,7.76,11.88,,0.7,1.33,1.44
NORTHBOROUGH,2144.0,2209.0,,,22.0,3714.0,660.0,48545037.78469999,37.28776654417361,52540.0,2127575.0,False,False,True,4.49,8.29,8.22,10.37,11.42,57.21,2.12,2.38,3.06
NORTHBRIDGE,2388.0,1996.0,,,41.0,3601.0,824.0,46750345.49560001,38.70596013828126,50382.0,1630374.0,False,False,True,10.5,16.19,12.45,7.95,14.62,,4.27,1.91,6.21
NORTHFIELD,802.0,184.0,,3.0,,703.0,286.0,91614842.6442,93.5062808800512,9323.0,,False,False,False,8.43,11.26,,,15.64,,1.44,0.37,3.3
NORTON,1804.0,3425.0,,,61.0,4126.0,1164.0,75918561.772,10.488422774590399,60981.0,3270338.0,False,False,True,6.95,10.82,8.5,7.34,12.45,53.93,1.75,3.41,2.39
NORWELL,1741.0,1683.0,,,2.0,2847.0,571.0,54975198.7131,20.352345660610585,42604.0,1980457.0,False,False,True,7.19,6.02,6.86,8.11,5.39,,0.93,0.37,1.27
NORWOOD,3555.0,2463.0,201.0,,,5221.0,998.0,27318843.0388,7.559314522692079,,6671774.0,True,False,True,10.01,10.54,10.99,9.27,14.89,44.29,4.61,5.98,6.91
OAK BLUFFS,2451.0,514.0,,4.0,22.0,120.0,2871.0,19180199.0439,42.26716193608796,32367.0,,False,False,False,,,,5.34,,,0.71,3.27,1.92
OAKHAM,437.0,235.0,,,,522.0,150.0,54953855.84570001,65.55597029249645,7329.0,,False,False,False,4.33,11.34,15.22,11.64,16.87,,1.23,0.33,3.26
ORANGE,1842.0,150.0,,,,854.0,1138.0,93267416.40820003,82.5058311807377,25495.0,,False,False,False,,21.8,15.68,7.43,12.69,21.2,0.9,0.49,1.2
ORLEANS,3384.0,842.0,,,13.0,902.0,3337.0,37726702.9153,79.50570360050608,35970.0,1439442.0,False,False,True,16.57,14.7,12.86,9.4,12.12,,1.02,4.5,1.41
OTIS,1385.0,140.0,,,1.0,79.0,1447.0,98553586.65580001,136.13958812372815,10483.0,,False,False,False,,,8.56,12.48,,,0.29,1.13,1.55
OXFORD,3354.0,598.0,,29.0,21.0,3152.0,840.0,71024192.6881,53.41428652945499,48962.0,,False,False,True,12.59,16.34,14.43,9.56,13.86,,2.7,0.9,4.96
PALMER,2765.0,714.0,,,126.0,2127.0,1464.0,82871148.4946,84.94410273269807,44145.0,108511.0,False,False,True,14.69,18.63,16.56,9.29,14.71,26.12,1.93,1.75,5.51
PAXTON,968.0,505.0,,,4.0,1333.0,144.0,40020678.06,56.511297510333584,,,True,False,False,5.35,10.06,8.28,10.0,16.37,,1.76,7.23,2.73
PEABODY,8505.0,3179.0,,,,10036.0,1648.0,43520406.4087,10.777297036252847,,8836309.0,True,False,True,14.61,14.11,16.64,9.11,12.58,32.95,6.88,2.64,10.44
PELHAM,279.0,97.0,,,,275.0,101.0,68761050.5764,92.75073988992256,4864.0,,False,False,False,2.24,10.82,,9.14,,,0.56,2.53,4.75
PEMBROKE,3680.0,1349.0,,,,3872.0,1157.0,61005468.98169999,21.89957472982243,59272.0,3310085.0,False,False,True,3.22,10.79,9.6,9.69,14.56,,0.66,0.52,1.27
PEPPERELL,1921.0,1344.0,,,,1.0,3264.0,60068099.32150001,34.58711447976185,37701.0,1561525.0,False,False,True,8.44,10.33,9.27,7.31,16.0,48.66,1.34,1.01,3.05
PERU,68.0,,,,,16.0,52.0,67433128.1749,134.36493332561867,2873.0,,False,False,False,,13.97,,,,,1.23,0.23,2.75
PETERSHAM,344.0,131.0,,2.0,,299.0,178.0,176748924.11699998,75.27518530926461,4391.0,,False,False,False,,,14.34,,,,1.7,0.0,2.76
PHILLIPSTON,476.0,195.0,,,,476.0,195.0,63803647.79950001,71.57292475363562,6145.0,,False,False,False,5.6,,13.01,10.87,,,0.43,1.0,0.65
PITTSFIELD,,2504.0,245.0,2.0,,1842.0,909.0,109989259.32400002,148.5356216762529,134490.0,12861612.0,False,False,True,21.15,21.44,15.65,9.25,11.06,21.45,4.38,4.51,6.43
PLAINFIELD,49.0,,,,,29.0,19.0,55302649.92970001,125.89246801586567,2076.0,,False,False,False,,,,,,,1.86,0.48,4.03
PLAINVILLE,1484.0,991.0,11.0,,12.0,1967.0,479.0,29776042.2378,17.232453341082554,32032.0,686871.0,False,False,True,9.75,11.21,6.97,8.29,15.9,,0.21,1.31,0.2
PLYMOUTH,7477.0,5153.0,,82.0,,8342.0,4369.0,266181688.528,35.60931102338874,199787.0,7452029.0,False,False,True,9.46,12.24,12.3,9.3,13.8,42.9,1.2,1.76,2.41
PLYMPTON,449.0,377.0,,,7.0,362.0,470.0,39121041.8238,22.632380389955923,10591.0,163257.0,False,False,True,8.73,7.46,,12.66,,,1.45,1.12,2.55
PRINCETON,750.0,508.0,,2.0,2.0,595.0,665.0,92784984.2411,53.43799067861031,,,True,False,False,5.97,3.31,,4.03,6.85,,2.7,0.49,3.19
PROVINCETOWN,932.0,2589.0,,,15.0,751.0,2785.0,27045667.9871,64.28258945908159,21769.0,,False,False,False,,,,8.07,9.72,23.13,1.45,1.55,3.48
QUINCY,8220.0,7791.0,588.0,481.0,417.0,13562.0,3935.0,44840777.0498,7.145648063960099,227059.0,19206639.0,False,False,True,14.1,13.59,13.61,9.16,14.59,34.94,2.05,4.98,3.02
RANDOLPH,4052.0,3462.0,19.0,,471.0,4835.0,3169.0,26971975.0321,5.568698030878729,86898.0,6596162.0,False,False,True,13.39,12.64,13.75,11.43,13.39,35.4,6.08,39.65,9.03
RAYNHAM,2220.0,1735.0,,,,3455.0,498.0,53774797.23989999,10.506490061802523,,1203657.0,True,False,True,8.25,12.73,10.48,7.4,11.24,,1.38,1.41,2.33
READING,4634.0,2257.0,,17.0,,4990.0,1918.0,25874497.0427,4.039967880617433,,3916715.0,True,False,True,6.64,9.66,8.49,6.98,12.26,55.98,0.83,0.41,2.77
REHOBOTH,2366.0,1625.0,2.0,,1.0,3558.0,433.0,122955802.202,15.020106871179081,44490.0,85132.0,False,False,True,5.35,10.06,8.56,9.16,15.17,,1.16,0.52,2.8
REVERE,6019.0,4361.0,642.0,282.0,,8266.0,3031.0,15961564.4667,7.251880384039003,123892.0,11194623.0,False,False,True,18.76,17.06,16.95,10.52,11.1,25.61,28.46,5.16,32.48
RICHMOND,273.0,,,,,146.0,127.0,49282258.363,155.77292026492134,8004.0,,False,False,False,6.45,13.31,17.2,7.93,6.59,,0.39,0.63,0.19
ROCHESTER,1185.0,746.0,,,,1634.0,294.0,93327184.01910003,23.04565385786941,19666.0,280826.0,False,False,True,3.8,8.44,10.29,10.98,12.14,,0.87,0.87,1.03
ROCKLAND,2808.0,1955.0,,47.0,24.0,4063.0,771.0,26209250.3619,14.475659464643124,52047.0,3404534.0,False,False,True,10.87,12.6,15.85,7.66,10.99,,1.28,2.76,2.63
ROCKPORT,2459.0,547.0,36.0,,5.0,1795.0,1174.0,18173634.2351,34.57371046920849,30150.0,18326.0,False,False,True,13.66,10.88,14.06,8.6,17.02,,1.74,0.17,1.53
ROWE,155.0,21.0,,,,2.0,174.0,62163485.57550001,124.75023354493561,1563.0,,False,False,False,,,,10.73,,,0.0,1.71,2.2
ROWLEY,1098.0,680.0,,4.0,10.0,1406.0,384.0,48015902.1952,16.12860230543113,,1300735.0,True,False,True,6.96,5.71,,7.1,11.15,,0.32,1.0,0.95
ROYALSTON,185.0,,,,,15.0,170.0,110192964.24500002,74.689356016742,4184.0,,False,False,False,9.86,,,6.37,,,0.0,0.26,0.0
RUSSELL,411.0,119.0,,,17.0,283.0,264.0,46370746.9885,121.3813943298446,3056.0,,False,False,False,7.14,,,,,,0.0,1.32,1.6
RUTLAND,1675.0,1281.0,,10.0,2.0,2160.0,805.0,93915322.6501,58.62198142480047,26515.0,,False,False,False,3.08,8.53,12.48,10.39,13.29,,2.83,0.05,4.02
SALEM,3467.0,2361.0,,260.0,5.0,47.0,6044.0,21609408.8934,14.74391587216022,103802.0,9006990.0,False,False,True,18.25,15.2,12.56,11.37,12.75,29.88,15.49,4.33,19.39
SALISBURY,1808.0,925.0,,19.0,3.0,1439.0,1316.0,40926012.8804,21.226394982298086,32373.0,1993741.0,False,False,True,13.34,13.66,12.07,8.13,16.56,,0.99,0.98,3.45
SANDISFIELD,495.0,72.0,,,,64.0,503.0,137145039.03500003,139.81133528168652,5654.0,,False,False,False,7.61,12.68,,,14.08,,0.87,0.51,1.75
SANDWICH,5067.0,1467.0,7.0,5.0,3.0,4416.0,2133.0,113755012.425,46.38581982242739,73379.0,4689918.0,False,False,True,6.84,11.98,12.77,8.51,12.67,47.24,2.46,0.11,3.29
SAUGUS,5970.0,1611.0,69.0,27.0,,5766.0,1910.0,29371041.9841,7.096908197959782,83895.0,5846757.0,False,False,True,12.94,11.01,12.15,9.17,15.18,39.56,3.06,2.97,6.01
SAVOY,233.0,24.0,,,,190.0,67.0,93310332.5865,132.5134646507486,2532.0,,False,False,False,7.74,,,,11.78,,0.85,,2.36
SCITUATE,3890.0,2829.0,,,6.0,4057.0,2668.0,44862409.2405,25.116893237675125,65542.0,5549776.0,False,False,True,11.11,8.03,9.01,4.48,10.78,56.59,0.89,0.77,0.94
SEEKONK,1786.0,,,,,1522.0,264.0,48289466.8643,18.85588611332698,45782.0,2232204.0,False,False,True,9.76,6.8,12.92,9.54,17.31,,1.01,0.36,1.47
SHARON,2578.0,2610.0,,,2.0,4767.0,420.0,63147899.65110001,7.31429078116315,55647.0,5315569.0,False,False,True,5.19,4.8,6.75,4.76,10.35,,2.85,2.78,4.39
SHEFFIELD,662.0,,,,,126.0,535.0,125716295.53299998,155.87674345770895,14410.0,,False,False,False,8.89,,,7.23,,,0.81,0.0,0.95
SHELBURNE,330.0,77.0,,,,210.0,197.0,60633977.0156,109.67227348154641,7030.0,,False,False,False,,,15.19,9.11,,,0.5,1.06,0.43
SHERBORN,556.0,497.0,,,,741.0,309.0,41841240.8933,19.095115453695556,19607.0,642122.0,False,False,True,4.05,3.79,7.71,2.7,4.43,,2.2,0.47,3.91
SHIRLEY,1162.0,541.0,,18.0,,877.0,844.0,41168767.5163,37.749811458055625,21994.0,443972.0,False,False,True,,,,,10.82,,8.14,6.76,11.2
SHREWSBURY,3714.0,6085.0,,,52.0,8480.0,1371.0,56348338.63480001,42.33437971581321,,7738495.0,True,False,True,5.21,13.02,7.99,7.87,13.81,52.09,3.55,3.31,5.37
SHUTESBURY,461.0,179.0,,,,284.0,356.0,70211872.48,91.89636070482733,6083.0,,False,False,False,8.68,16.58,8.55,11.18,16.05,,3.89,0.89,5.55
SOMERSET,1676.0,,,,,984.0,692.0,21159871.0253,13.765684978530173,48468.0,4466467.0,False,False,True,9.19,14.7,11.88,13.31,18.16,32.75,0.77,0.35,0.8
SOMERVILLE,3745.0,7216.0,2374.0,,1090.0,7206.0,5759.0,10698648.839,1.2825816320319323,151022.0,20182387.0,False,False,True,11.41,10.77,11.42,7.08,12.86,46.46,8.03,6.12,10.78
SOUTH HADLEY,3735.0,1076.0,,,55.0,4279.0,586.0,47742393.2498,102.3180499611732,,3177794.0,True,False,True,13.54,16.04,17.12,9.38,12.99,30.92,2.83,2.12,6.48
SOUTHAMPTON,1445.0,744.0,,,10.0,1784.0,381.0,74971617.8838,111.72928385199982,20709.0,,False,True,True,7.8,,13.93,8.05,9.14,,0.51,0.0,0.21
SOUTHBOROUGH,1114.0,1493.0,7.0,,13.0,2310.0,317.0,40205358.4962,29.165379472871653,39856.0,1706786.0,False,False,True,5.19,7.17,7.51,2.95,10.87,,2.51,1.51,2.98
SOUTHBRIDGE,2118.0,962.0,322.0,212.0,13.0,1379.0,2248.0,54026424.16039999,64.66584223196494,55422.0,2361955.0,False,False,True,20.86,20.93,15.73,10.4,12.8,19.29,24.28,2.57,32.09
SOUTHWICK,1954.0,969.0,,,6.0,2278.0,651.0,81970458.91110002,115.60575205719861,37448.0,563333.0,False,False,True,11.08,17.55,13.55,7.18,13.36,,1.26,0.04,1.75
SPENCER,2285.0,856.0,,76.0,56.0,2669.0,597.0,88075637.721,61.09860295740124,40936.0,1045803.0,False,False,True,12.87,15.25,12.99,10.34,15.25,,2.09,1.01,3.79
SPRINGFIELD,18013.0,12433.0,1030.0,,,20038.0,11438.0,85669527.55990002,99.62562909982225,443143.0,35705516.0,False,False,True,30.51,22.17,15.48,8.24,9.34,14.26,33.33,18.58,44.72
STERLING,1586.0,1041.0,,,15.0,2185.0,455.0,82051289.38689998,45.98827141800814,,,True,False,True,4.46,,9.15,,10.53,,1.17,0.5,4.61
STOCKBRIDGE,1051.0,149.0,,,1.0,67.0,1119.0,61330144.26889999,153.44208064704245,12373.0,455542.0,False,False,True,,,,,7.34,,2.1,2.6,2.45
STONEHAM,4995.0,1227.0,,20.0,,4071.0,2170.0,17213714.0417,3.149233748580082,67733.0,3671756.0,False,False,True,9.33,11.14,12.17,7.26,13.74,46.36,3.14,2.62,3.73
STOUGHTON,4984.0,2691.0,,50.0,,4821.0,2904.0,42644840.9953,5.266314626202764,78733.0,5859503.0,False,False,True,10.33,13.88,13.56,9.45,12.69,40.09,3.18,14.26,4.22
STOW,870.0,860.0,,,,829.0,901.0,46608286.5093,28.374481188479365,,715297.0,True,False,True,4.74,7.61,6.21,9.44,7.73,,0.56,0.01,2.83
STURBRIDGE,1803.0,1296.0,10.0,6.0,20.0,2326.0,799.0,100920400.641,68.32341598229337,38390.0,,False,False,False,8.37,,,8.87,8.18,,4.16,0.56,3.14
SUDBURY,1799.0,3126.0,,,,3857.0,1068.0,64092081.2924,22.202495640428722,70781.0,5488401.0,False,False,True,4.36,5.89,4.74,4.09,8.2,,2.48,0.77,2.24
SUNDERLAND,676.0,160.0,,,7.0,511.0,332.0,38166560.6534,101.24661218898176,12010.0,,False,False,True,,,12.11,,9.94,,2.65,2.19,6.42
SUTTON,1659.0,1463.0,,10.0,8.0,2695.0,435.0,88125697.17449999,44.2777592564802,35555.0,248870.0,False,False,True,6.95,10.17,7.88,7.53,14.56,,0.56,3.49,0.43
SWAMPSCOTT,2981.0,1146.0,,,,2754.0,1373.0,8030877.99235,14.109031483818638,46110.0,4717437.0,False,False,True,8.54,9.74,7.12,7.97,9.43,,2.28,0.87,3.34
SWANSEA,3938.0,1753.0,,,71.0,4880.0,877.0,59451059.2256,15.44505442077872,47976.0,3534450.0,False,False,True,7.28,15.75,10.51,10.56,17.19,,0.16,0.31,0.69
TAUNTON,6071.0,5650.0,725.0,233.0,82.0,10265.0,2490.0,124959892.69699998,10.47567771015884,,9398852.0,True,False,True,14.74,19.98,14.03,9.35,14.57,27.33,4.33,8.1,7.86
TEMPLETON,1747.0,833.0,14.0,15.0,2.0,1858.0,748.0,83865776.8752,66.57689209769542,,,True,False,False,9.16,,13.22,,14.73,,0.69,0.02,2.45
TEWKSBURY,5489.0,4362.0,13.0,,13.0,7585.0,2291.0,54771580.85770001,9.910441716076159,90850.0,7385234.0,False,False,True,9.81,8.95,10.21,7.71,15.16,48.16,0.8,1.53,1.64
TISBURY,1971.0,305.0,,9.0,12.0,289.0,2001.0,17020482.9125,39.99688423719583,25754.0,,False,False,False,,,,,7.83,,0.85,9.43,1.22
TOLLAND,252.0,69.0,,,,41.0,280.0,84983826.53249998,132.4450687958358,3060.0,,False,False,False,6.18,,,6.56,11.97,,0.5,0.0,0.49
TOPSFIELD,928.0,830.0,,1.0,,1532.0,227.0,33152919.4485,12.876199905694204,22548.0,1439960.0,False,False,True,7.69,9.46,8.02,4.8,5.45,,0.36,0.14,1.53
TOWNSEND,2182.0,834.0,,7.0,,1534.0,1489.0,85405105.5062,41.991979500395054,25118.0,1278347.0,False,False,True,6.5,9.42,16.51,9.59,15.86,,1.1,0.21,3.08
TRURO,1378.0,915.0,,,11.0,,2304.0,56987747.7139,71.54405087002688,17102.0,,False,False,False,,,,,0.78,,0.0,2.15,0.88
TYNGSBOROUGH,2190.0,1624.0,,8.0,,2765.0,1057.0,46800582.87109999,22.830409337779084,39081.0,2922581.0,False,False,True,7.91,7.8,8.89,7.78,12.75,,1.55,1.1,3.29
TYRINGHAM,88.0,26.0,,,,33.0,80.0,48838968.8198,145.36433153161332,2625.0,,False,False,False,,,4.4,,12.64,,3.65,0.44,
UPTON,858.0,1216.0,9.0,16.0,,1573.0,525.0,56547641.9061,34.883100450968975,26830.0,700785.0,False,False,True,4.53,10.39,6.43,3.88,12.83,,3.06,,4.44
UXBRIDGE,2026.0,2105.0,,,,3240.0,891.0,78381799.4926,36.996964628620226,47438.0,1439299.0,False,False,True,8.72,10.78,9.52,8.62,11.18,,0.44,2.13,1.55
WAKEFIELD,2287.0,3546.0,,72.0,27.0,5224.0,708.0,20708437.8452,4.418691781918186,,,True,True,True,8.68,10.69,11.59,10.13,11.58,47.34,3.61,1.31,4.69
WALES,548.0,188.0,,,1.0,303.0,434.0,41395100.1569,77.86759292977028,7287.0,,False,False,False,14.45,,14.92,13.75,14.57,18.65,1.55,0.14,4.87
WALPOLE,4151.0,3250.0,,,225.0,6051.0,1525.0,54557341.436,10.71328854527578,79965.0,5266407.0,False,False,True,6.01,10.53,9.81,6.92,9.78,56.94,3.87,2.74,5.42
WALTHAM,7712.0,5012.0,238.0,,704.0,3155.0,10511.0,35641539.7353,8.977460512674627,149107.0,11751278.0,False,False,True,11.54,10.27,13.34,9.46,12.36,43.02,11.39,7.49,13.49
WARE,2010.0,588.0,73.0,,,1972.0,699.0,103539764.53899997,80.1686274991479,35247.0,,False,False,False,16.1,19.52,,7.33,12.37,24.21,2.52,0.95,6.68
WAREHAM,7398.0,1715.0,27.0,,21.0,4237.0,4924.0,96202168.4233,31.72689240059744,77823.0,4471094.0,False,False,True,14.33,17.78,14.37,10.19,14.41,28.91,1.05,1.94,4.04
WARREN,1080.0,235.0,,23.0,,213.0,1125.0,71570714.6258,75.87142818441386,17588.0,351816.0,False,False,True,,,,3.47,,,0.02,0.02,1.29
WARWICK,95.0,,,,,67.0,28.0,97501693.4823,85.66080160111463,2518.0,,False,False,False,13.04,,,11.3,,,1.59,0.0,1.92
WASHINGTON,66.0,,,,,38.0,28.0,100531272.38699998,138.87604958392168,2066.0,,False,False,False,7.33,,,6.47,,,0.0,,1.29
WATERTOWN,1044.0,1310.0,364.0,95.0,56.0,2137.0,731.0,10681446.6125,5.473546629346486,81067.0,9176908.0,False,False,True,9.6,8.16,9.85,9.21,13.74,49.44,6.04,1.86,9.68
WAYLAND,2368.0,1733.0,3.0,,5.0,3383.0,711.0,41063123.7161,17.337517491114752,54740.0,4329801.0,False,False,True,6.6,6.11,3.7,5.4,6.43,71.76,1.66,0.59,3.99
WEBSTER,2233.0,1538.0,122.0,,,3125.0,768.0,37804130.9817,52.52020620672084,59280.0,1629492.0,False,False,True,12.99,23.29,14.44,10.2,15.99,23.1,10.69,2.95,11.37
WELLESLEY,1900.0,4539.0,,,,,6439.0,27269576.387000006,12.623918600645556,,10497845.0,True,False,True,5.41,5.45,5.89,4.15,7.21,71.89,3.38,2.42,4.8
WELLFLEET,2208.0,415.0,,,8.0,365.0,2266.0,54398514.6405,76.27918734050424,20256.0,,False,False,False,9.97,,14.39,,,,0.29,1.84,0.34
WENDELL,257.0,46.0,,,,142.0,161.0,83459540.18209998,90.18185612430277,2911.0,,False,False,False,,,12.15,11.14,14.94,15.19,4.19,1.76,2.7
WENHAM,629.0,490.0,,,1.0,1001.0,112.0,21085800.09,16.210782554145283,14395.0,920637.0,False,False,True,6.87,12.67,5.44,8.38,12.1,,3.78,1.86,5.17
WEST BOYLSTON,1617.0,519.0,,,20.0,1907.0,247.0,35905571.4877,47.025904819539306,,1017868.0,True,False,True,9.76,10.33,15.69,11.62,11.19,41.42,10.32,5.07,12.23
WEST BRIDGEWATER,1324.0,626.0,,2.0,,174.0,1778.0,40594007.1601,9.650479156775214,24504.0,1187655.0,False,False,True,8.59,11.69,12.41,8.35,14.12,,3.13,1.16,4.79
WEST BROOKFIELD,579.0,340.0,,,51.0,509.0,459.0,54667629.81959999,72.50793399810557,13216.0,324130.0,False,False,True,11.39,,,10.55,,,0.72,0.16,1.35
WEST NEWBURY,863.0,629.0,,,9.0,1250.0,251.0,38137768.2552,13.501420876876933,16832.0,181276.0,False,False,True,5.35,5.92,7.24,5.79,9.88,,0.96,0.0,1.42
WEST SPRINGFIELD,5280.0,1712.0,,,792.0,5359.0,2412.0,45416675.1311,106.76771396777573,87842.0,6614209.0,False,False,True,16.57,22.11,18.03,9.69,11.68,21.92,6.16,2.62,9.81
WEST STOCKBRIDGE,338.0,,,,,69.0,269.0,48378403.62520001,157.61991514759146,7359.0,,False,False,False,,,,,,,3.11,,3.53
WEST TISBURY,1328.0,225.0,,,8.0,192.0,1368.0,68080842.45449999,38.00334051694196,19865.0,,False,False,False,,,4.31,,,,0.38,0.85,1.48
WESTBOROUGH,2368.0,2178.0,46.0,,,3286.0,1306.0,55576826.7549,35.61779196984715,58940.0,3862227.0,False,False,True,5.92,10.29,9.13,9.33,11.88,53.46,3.33,2.69,5.27
WESTFIELD,6830.0,2676.0,,,176.0,7744.0,1934.0,122538440.18,113.89938127164069,,,True,True,True,11.35,18.96,16.87,12.39,11.15,29.27,4.37,1.75,9.18
WESTFORD,2954.0,2498.0,,16.0,,4290.0,1178.0,81226634.0748,23.647993640393487,75439.0,6803409.0,False,False,True,5.05,8.19,7.08,5.05,9.38,65.25,0.82,0.74,1.9
WESTHAMPTON,352.0,160.0,,,,396.0,116.0,70859022.3192,115.29856617835789,6167.0,,False,False,False,3.65,7.46,13.74,10.82,,,1.09,0.0,1.15
WESTMINSTER,1813.0,983.0,5.0,8.0,4.0,2355.0,453.0,96487399.16460001,55.47258706789024,26157.0,315509.0,False,False,True,2.85,13.57,4.4,8.72,,,1.71,0.2,3.41
WESTON,1302.0,1862.0,,,12.0,2702.0,466.0,44885981.6288,13.45949568647773,65577.0,6462413.0,False,False,True,11.24,6.26,6.21,4.0,3.5,,4.85,2.07,4.51
WESTPORT,4208.0,1796.0,,,45.0,4074.0,1975.0,134970389.892,16.87122657006611,55147.0,3255095.0,False,False,True,9.87,15.69,12.61,9.76,13.92,38.15,0.99,0.3,0.95
WESTWOOD,2113.0,2093.0,,,9.0,3775.0,338.0,28956455.6098,7.774039230749849,54248.0,3062705.0,False,False,True,5.97,6.18,7.34,4.15,8.95,67.41,1.29,0.72,2.29
WEYMOUTH,9556.0,4668.0,,3.0,106.0,12242.0,2091.0,46183620.40090001,11.634444495586793,162734.0,8607885.0,False,False,True,9.84,13.14,14.18,11.05,13.81,37.97,2.0,4.99,3.1
WHATELY,483.0,103.0,,,,281.0,305.0,53523815.94389999,105.5668747043215,4927.0,,False,False,True,6.88,10.72,,12.48,14.4,,1.32,0.0,3.56
WHITMAN,3021.0,598.0,,49.0,,3120.0,547.0,18022245.9213,13.077789440318524,44387.0,2529445.0,False,False,True,8.85,12.64,13.11,10.84,15.78,38.78,1.29,1.0,1.48
WILBRAHAM,3062.0,1848.0,,,16.0,4467.0,453.0,57841760.77169999,92.81388114497528,50402.0,2907949.0,False,False,True,7.4,11.69,8.04,7.09,11.31,,2.33,2.62,5.15
WILLIAMSBURG,603.0,,,,,352.0,251.0,66490371.63390001,111.77286984170019,7929.0,,False,False,False,10.62,15.58,,4.88,14.21,,0.29,0.75,1.74
WILLIAMSTOWN,908.0,,,,,296.0,612.0,121351111.96700002,145.6711957389394,20487.0,1455864.0,False,False,True,11.74,11.61,12.3,9.48,12.52,,4.85,4.42,7.22
WILMINGTON,3295.0,3565.0,,1.0,4.0,6265.0,599.0,44399123.0315,6.684192701594551,,2315892.0,True,False,True,5.52,8.17,7.45,7.03,12.66,59.18,0.75,3.34,1.62
WINCHENDON,2120.0,832.0,33.0,42.0,2.0,1528.0,1501.0,114247197.37899998,65.6025047967992,30569.0,,False,False,False,14.13,13.09,17.64,5.91,14.66,,1.86,0.96,3.45
WINCHESTER,3194.0,2861.0,,,,2769.0,3286.0,16439015.8068,3.5794503850595145,73185.0,6873968.0,False,False,True,4.86,7.58,6.69,6.75,5.22,68.9,1.67,0.27,2.13
WINDSOR,112.0,,,,,66.0,46.0,91068360.4911,133.4303085108103,2937.0,,False,False,False,,,,7.24,,,0.0,0.0,0.95
WINTHROP,2673.0,1599.0,207.0,77.0,20.0,3547.0,981.0,5897573.540649999,8.799537251230753,43593.0,5210051.0,False,False,True,16.09,16.89,12.59,9.87,12.32,32.25,7.4,1.25,8.84
WOBURN,3112.0,4419.0,105.0,86.0,66.0,4986.0,2679.0,33522274.0438,4.8828045262127135,112667.0,6131053.0,False,False,True,8.38,10.83,13.4,8.85,14.59,43.94,3.48,6.49,4.86
WORCESTER,15411.0,11373.0,4775.0,922.0,3447.0,14295.0,21630.0,99562707.1318,48.6016854593807,441532.0,40265145.0,False,False,True,24.31,20.34,15.0,8.75,10.47,21.13,14.92,11.94,21.33
WORTHINGTON,271.0,178.0,,,,120.0,328.0,83146520.8876,126.77142163918812,4133.0,,False,False,False,10.57,,13.34,12.31,14.21,,0.25,0.32,0.79
WRENTHAM,1585.0,1866.0,,,19.0,2909.0,561.0,58538617.3462,17.983685092730365,42537.0,1406920.0,False,False,True,7.35,11.51,8.7,8.05,8.89,55.5,1.95,2.56,2.83
YARMOUTH,12767.0,1225.0,,,121.0,6716.0,7372.0,64536231.1276,63.53200951781249,93871.0,9975765.0,False,False,True,11.04,16.61,19.53,11.67,13.35,27.79,1.58,2.35,2.13
